real_time,tick_ms,sensor,value1,value2
# Session started: 2026-07-28 18:28:16
2026-07-28 18:28:16,46539,DHT11,30.0,69.0
2026-07-28 18:28:18,48562,DHT11,30.0,69.0
2026-07-28 18:28:20,50586,DHT11,30.0,70.0
2026-07-28 18:28:22,52609,DHT11,30.0,69.0
2026-07-28 18:28:24,54000,PIR,1
2026-07-28 18:28:24,54632,DHT11,30.0,69.0
2026-07-28 18:28:26,56656,DHT11,30.0,69.0
2026-07-28 18:28:28,58680,DHT11,30.0,69.0
2026-07-28 18:28:30,60703,DHT11,30.0,69.0
2026-07-28 18:28:32,62726,DHT11,30.0,69.0
2026-07-28 18:28:34,64750,DHT11,30.0,70.0
2026-07-28 18:28:36,66773,DHT11,30.0,71.0
2026-07-28 18:28:38,68796,DHT11,30.0,71.0
2026-07-28 18:28:41,70819,DHT11,30.0,71.0
2026-07-28 18:28:42,72000,PIR,1
2026-07-28 18:28:43,72842,DHT11,30.0,71.0
2026-07-28 18:28:45,74865,DHT11,30.0,72.0
2026-07-28 18:28:47,76888,DHT11,30.0,71.0
2026-07-28 18:28:49,78911,DHT11,30.0,70.0
2026-07-28 18:28:51,80935,DHT11,30.0,70.0
2026-07-28 18:28:53,82959,DHT11,30.0,70.0
2026-07-28 18:28:55,84982,DHT11,30.0,69.0
2026-07-28 18:28:57,87006,DHT11,30.0,69.0
2026-07-28 18:28:58,88000,PIR,1
2026-07-28 18:28:59,89030,DHT11,30.0,69.0
2026-07-28 18:29:01,91053,DHT11,30.0,69.0
2026-07-28 18:29:03,93076,DHT11,30.0,69.0
2026-07-28 18:29:05,95099,DHT11,30.0,69.0
2026-07-28 18:29:07,97122,DHT11,30.0,69.0
2026-07-28 18:29:09,99146,DHT11,30.0,69.0
2026-07-28 18:29:11,101169,DHT11,30.0,69.0
2026-07-28 18:29:13,103192,DHT11,30.0,69.0
2026-07-28 18:29:15,105215,DHT11,30.0,69.0
2026-07-28 18:29:17,107238,DHT11,30.0,69.0
2026-07-28 18:29:19,109261,DHT11,30.0,69.0
2026-07-28 18:29:21,111284,DHT11,30.0,69.0
2026-07-28 18:29:23,113307,DHT11,30.0,69.0
2026-07-28 18:29:25,115330,DHT11,30.0,69.0
2026-07-28 18:29:27,117353,DHT11,30.0,69.0
2026-07-28 18:29:28,118000,PIR,1
2026-07-28 18:29:29,119377,DHT11,30.0,69.0
2026-07-28 18:29:31,121401,DHT11,30.0,69.0
2026-07-28 18:29:33,123424,DHT11,30.0,69.0
2026-07-28 18:29:35,125448,DHT11,30.0,69.0
2026-07-28 18:29:37,127471,DHT11,30.0,69.0
2026-07-28 18:29:39,129494,DHT11,30.0,69.0
2026-07-28 18:29:41,131518,DHT11,30.0,69.0
2026-07-28 18:29:42,132000,PIR,1
2026-07-28 18:29:43,133541,DHT11,30.0,69.0
2026-07-28 18:29:45,135565,DHT11,30.0,69.0
2026-07-28 18:29:47,137588,DHT11,30.0,69.0
2026-07-28 18:29:49,139611,DHT11,30.0,69.0
2026-07-28 18:29:51,141635,DHT11,30.0,69.0
2026-07-28 18:29:53,143658,DHT11,30.0,69.0
2026-07-28 18:29:55,145681,DHT11,30.0,69.0
2026-07-28 18:29:57,147704,DHT11,30.0,69.0
2026-07-28 18:30:00,149727,DHT11,30.0,69.0
2026-07-28 18:30:02,151750,DHT11,30.0,69.0
2026-07-28 18:30:04,153774,DHT11,30.0,69.0
2026-07-28 18:30:06,155797,DHT11,30.0,69.0
2026-07-28 18:30:06,156000,PIR,1
2026-07-28 18:30:08,157820,DHT11,30.0,69.0
2026-07-28 18:30:10,159843,DHT11,30.0,69.0
2026-07-28 18:30:12,161866,DHT11,30.0,69.0
2026-07-28 18:30:14,163890,DHT11,30.0,69.0
2026-07-28 18:30:16,165913,DHT11,30.0,69.0
2026-07-28 18:30:18,167936,DHT11,30.0,69.0
2026-07-28 18:30:20,169960,DHT11,30.0,69.0
2026-07-28 18:30:22,171983,DHT11,30.0,69.0
2026-07-28 18:30:24,174007,DHT11,30.0,69.0
2026-07-28 18:30:26,176030,DHT11,30.0,69.0
2026-07-28 18:30:28,178053,DHT11,30.0,69.0
2026-07-28 18:30:30,180000,PIR,1
2026-07-28 18:30:30,180076,DHT11,30.0,69.0
2026-07-28 18:30:32,182099,DHT11,30.0,68.0
2026-07-28 18:30:34,184122,DHT11,30.0,69.0
2026-07-28 18:30:36,186145,DHT11,30.0,68.0
2026-07-28 18:30:38,188168,DHT11,30.0,69.0
2026-07-28 18:30:40,190191,DHT11,30.0,69.0
2026-07-28 18:30:42,192214,DHT11,30.0,69.0
2026-07-28 18:30:44,194237,DHT11,30.0,69.0
2026-07-28 18:30:46,196000,PIR,1
2026-07-28 18:30:46,196260,DHT11,30.0,69.0
2026-07-28 18:30:48,198283,DHT11,30.0,69.0
# Session started: 2026-07-28 18:48:27
2026-07-28 18:48:28,4053,DHT11,30.0,72.0
2026-07-28 18:48:30,6076,DHT11,30.0,72.0
2026-07-28 18:48:32,8099,DHT11,30.0,72.0
2026-07-28 18:48:32,8509,PIR,1
2026-07-28 18:48:34,10122,DHT11,30.0,72.0
2026-07-28 18:48:36,12145,DHT11,30.0,72.0
# Session started: 2026-07-28 18:51:47
2026-07-28 18:51:48,36428,DHT11,30.0,71.0
2026-07-28 18:51:50,38451,DHT11,30.0,71.0
2026-07-28 18:51:52,40474,DHT11,30.0,71.0
2026-07-28 18:51:54,42357,PIR,1
2026-07-28 18:51:54,42498,DHT11,30.0,71.0
2026-07-28 18:51:56,44522,DHT11,30.0,71.0
2026-07-28 18:51:58,46546,DHT11,30.0,71.0
2026-07-28 18:52:00,48570,DHT11,30.0,71.0
2026-07-28 18:52:01,49670,PIR,1
2026-07-28 18:52:02,50594,DHT11,30.0,71.0
2026-07-28 18:52:04,52618,DHT11,30.0,71.0
2026-07-28 18:52:06,54642,DHT11,30.0,71.0
2026-07-28 18:52:08,56665,DHT11,30.0,71.0
2026-07-28 18:52:10,58689,DHT11,30.0,71.0
2026-07-28 18:52:11,58910,PIR,1
2026-07-28 18:52:12,60713,DHT11,30.0,71.0
2026-07-28 18:52:14,62736,DHT11,30.0,71.0
2026-07-28 18:52:16,64760,DHT11,30.0,71.0
2026-07-28 18:52:17,65440,PIR,1
2026-07-28 18:52:18,66783,DHT11,30.0,71.0
2026-07-28 18:52:20,68806,DHT11,30.0,71.0
2026-07-28 18:52:23,70830,DHT11,30.0,71.0
2026-07-28 18:52:24,72687,PIR,1
2026-07-28 18:52:25,72854,DHT11,30.0,71.0
2026-07-28 18:52:27,74877,DHT11,30.0,71.0
2026-07-28 18:52:29,76901,DHT11,30.0,71.0
2026-07-28 18:52:31,78925,DHT11,30.0,71.0
2026-07-28 18:52:33,80949,DHT11,30.0,71.0
2026-07-28 18:52:35,82973,DHT11,30.0,71.0
2026-07-28 18:52:37,84996,DHT11,30.0,71.0
2026-07-28 18:52:39,86857,PIR,1
2026-07-28 18:52:39,87019,DHT11,30.0,71.0
2026-07-28 18:52:41,89043,DHT11,30.0,71.0
2026-07-28 18:52:43,91067,DHT11,30.0,71.0
2026-07-28 18:52:45,93090,DHT11,30.0,71.0
2026-07-28 18:52:47,95114,DHT11,30.0,71.0
2026-07-28 18:52:49,97138,DHT11,30.0,71.0
2026-07-28 18:52:51,99161,DHT11,30.0,71.0
2026-07-28 18:52:53,101185,DHT11,30.0,71.0
2026-07-28 18:52:55,103208,DHT11,30.0,71.0
2026-07-28 18:52:57,105232,DHT11,30.0,71.0
2026-07-28 18:52:59,107256,DHT11,30.0,71.0
2026-07-28 18:53:01,109280,DHT11,30.0,71.0
2026-07-28 18:53:03,111303,DHT11,30.0,71.0
2026-07-28 18:53:05,113326,DHT11,30.0,71.0
2026-07-28 18:53:07,115349,DHT11,30.0,71.0
2026-07-28 18:53:09,117372,DHT11,30.0,71.0
2026-07-28 18:53:11,119395,DHT11,30.0,71.0
2026-07-28 18:53:13,121418,DHT11,30.0,71.0
2026-07-28 18:53:15,123442,DHT11,30.0,71.0
2026-07-28 18:53:17,125466,DHT11,30.0,71.0
2026-07-28 18:53:19,127489,DHT11,30.0,71.0
2026-07-28 18:53:21,129512,DHT11,30.0,70.0
2026-07-28 18:53:23,131535,DHT11,30.0,71.0
2026-07-28 18:53:25,133558,DHT11,30.0,70.0
2026-07-28 18:53:27,135582,DHT11,30.0,71.0
2026-07-28 18:53:29,137606,DHT11,30.0,71.0
2026-07-28 18:53:31,139630,DHT11,30.0,71.0
2026-07-28 18:53:33,141654,DHT11,30.0,71.0
2026-07-28 18:53:35,143677,DHT11,30.0,71.0
2026-07-28 18:53:37,145700,DHT11,30.0,71.0
2026-07-28 18:53:39,147724,DHT11,30.0,71.0
2026-07-28 18:53:42,149748,DHT11,30.0,71.0
2026-07-28 18:53:44,151772,DHT11,30.0,71.0
# Session started: 2026-07-28 18:56:44
2026-07-28 18:56:46,8100,DHT11,30.0,71.0
2026-07-28 18:56:48,10123,DHT11,30.0,71.0
2026-07-28 18:56:50,12146,DHT11,30.0,71.0
2026-07-28 18:56:52,14170,DHT11,30.0,71.0
2026-07-28 18:56:52,14473,PIR,1
2026-07-28 18:56:54,16193,DHT11,30.0,71.0
2026-07-28 18:56:56,18217,DHT11,30.0,71.0
2026-07-28 18:56:58,20240,DHT11,30.0,71.0
2026-07-28 18:57:00,22263,DHT11,30.0,71.0
2026-07-28 18:57:00,22484,PIR,1
2026-07-28 18:57:02,24287,DHT11,30.0,71.0
2026-07-28 18:57:04,26310,DHT11,30.0,71.0
2026-07-28 18:57:06,28334,DHT11,30.0,71.0
2026-07-28 18:57:06,28722,PIR,1
2026-07-28 18:57:08,30357,DHT11,30.0,71.0
2026-07-28 18:57:10,32381,DHT11,30.0,71.0
2026-07-28 18:57:12,34405,DHT11,30.0,77.0
2026-07-28 18:57:14,36428,DHT11,30.0,82.0
2026-07-28 18:57:14,36595,PIR,1
2026-07-28 18:57:16,38451,DHT11,31.0,84.0
2026-07-28 18:57:18,40474,DHT11,31.0,84.0
2026-07-28 18:57:20,42497,DHT11,31.0,84.0
2026-07-28 18:57:22,44520,DHT11,31.0,84.0
2026-07-28 18:57:24,46544,DHT11,31.0,83.0
2026-07-28 18:57:26,48567,DHT11,31.0,82.0
2026-07-28 18:57:26,48779,PIR,1
2026-07-28 18:57:28,50590,DHT11,31.0,80.0
2026-07-28 18:57:30,52614,DHT11,31.0,79.0
2026-07-28 18:57:32,54637,DHT11,31.0,78.0
2026-07-28 18:57:34,56660,DHT11,31.0,77.0
2026-07-28 18:57:36,58683,DHT11,31.0,76.0
2026-07-28 18:57:37,58885,PIR,1
2026-07-28 18:57:38,60706,DHT11,31.0,75.0
2026-07-28 18:57:40,62729,DHT11,31.0,74.0
2026-07-28 18:57:42,64753,DHT11,31.0,74.0
2026-07-28 18:57:44,66776,DHT11,31.0,73.0
2026-07-28 18:57:46,68800,DHT11,31.0,73.0
2026-07-28 18:57:47,69761,PIR,1
2026-07-28 18:57:49,70823,DHT11,31.0,72.0
2026-07-28 18:57:51,72847,DHT11,31.0,72.0
